lag_star_hours,cc_at_lag_star,sig_threshold
1,0.16065063578900948,0.09365242258322934
