ls,n,model,r2_adj
LS1,336,DL(0-3),0.04842261691017169
LS5,319,DL(0-3),-0.01873036297685471
