ls,n_sessions,grams_total,duration_min_total
LS1,497,245350.53226372888,4977
LS5,442,228032.50276081514,4420
